{
  "xs-app.json": 1736169012296,
  "test/integration/pages/RisksObjectPage.js": 1735936066067,
  "test/integration/pages/RisksList.js": 1735936066067,
  "test/integration/opaTests.qunit.js": 1735936066067,
  "test/integration/FirstJourney.js": 1735936066079,
  "test/testsuite.qunit.js": 1735936066055,
  "i18n/i18n.properties": 1735936099819,
  "manifest.json": 1736163175549,
  "Component.js": 1735936065975,
  "test/integration/pages/RisksList-dbg.js": 1735936066067,
  "test/integration/pages/RisksList.js.map": 1736169020252,
  "test/integration/pages/RisksObjectPage-dbg.js": 1735936066067,
  "test/integration/pages/RisksObjectPage.js.map": 1736169020263,
  "test/integration/opaTests.qunit-dbg.js": 1735936066067,
  "test/integration/opaTests.qunit.js.map": 1736169020260,
  "test/integration/FirstJourney-dbg.js": 1735936066079,
  "test/integration/FirstJourney.js.map": 1736169020264,
  "test/testsuite.qunit-dbg.js": 1735936066055,
  "test/testsuite.qunit.js.map": 1736169020255,
  "Component-dbg.js": 1735936065975,
  "Component.js.map": 1736169020256,
  "Component-preload.js": 1736169020321,
  "Component-preload.js.map": 1736169020321,
  "test/integration/opaTests.qunit.html": 1735936066067,
  "test/testsuite.qunit.html": 1735936066035,
  "test/flpSandbox.html": 1735936066027,
  "index.html": 1735936065975
}