{
  "Component.js": 1735936065975,
  "test/integration/opaTests.qunit.js": 1735936066067,
  "test/integration/pages/RisksList.js": 1735936066067,
  "test/integration/pages/RisksObjectPage.js": 1735936066067,
  "test/integration/FirstJourney.js": 1735936066079,
  "test/testsuite.qunit.js": 1735936066055,
  "xs-app.json": 1736164520967,
  "manifest.json": 1736163175549,
  "i18n/i18n.properties": 1735936099819,
  "test/integration/pages/RisksObjectPage-dbg.js": 1735936066067,
  "test/integration/pages/RisksObjectPage.js.map": 1736164529557,
  "test/integration/pages/RisksList-dbg.js": 1735936066067,
  "test/integration/pages/RisksList.js.map": 1736164529552,
  "test/integration/opaTests.qunit-dbg.js": 1735936066067,
  "test/integration/opaTests.qunit.js.map": 1736164529552,
  "test/integration/FirstJourney-dbg.js": 1735936066079,
  "test/integration/FirstJourney.js.map": 1736164529557,
  "test/testsuite.qunit-dbg.js": 1735936066055,
  "test/testsuite.qunit.js.map": 1736164529555,
  "Component-dbg.js": 1735936065975,
  "Component.js.map": 1736164529554,
  "Component-preload.js": 1736164529615,
  "Component-preload.js.map": 1736164529615,
  "test/integration/opaTests.qunit.html": 1735936066067,
  "test/testsuite.qunit.html": 1735936066035,
  "test/flpSandbox.html": 1735936066027,
  "index.html": 1735936065975
}